-- phpMyAdmin SQL Dump
-- version 5.2.0
-- https://www.phpmyadmin.net/
--
-- Host: 127.0.0.1
-- 생성 시간: 22-12-07 16:11
-- 서버 버전: 10.4.24-MariaDB
-- PHP 버전: 8.1.6

SET SQL_MODE = "NO_AUTO_VALUE_ON_ZERO";
START TRANSACTION;
SET time_zone = "+00:00";


/*!40101 SET @OLD_CHARACTER_SET_CLIENT=@@CHARACTER_SET_CLIENT */;
/*!40101 SET @OLD_CHARACTER_SET_RESULTS=@@CHARACTER_SET_RESULTS */;
/*!40101 SET @OLD_COLLATION_CONNECTION=@@COLLATION_CONNECTION */;
/*!40101 SET NAMES utf8mb4 */;

--
-- 데이터베이스: `test`
--

-- --------------------------------------------------------

--
-- 테이블 구조 `교통`
--

CREATE TABLE `교통` (
  `교통아이디` varchar(10) NOT NULL,
  `출발시간` time NOT NULL,
  `도착시간` time NOT NULL,
  `출발장소` varchar(10) NOT NULL,
  `도착장소` varchar(10) DEFAULT NULL,
  `교통수단` varchar(10) NOT NULL
) ENGINE=InnoDB DEFAULT CHARSET=euckr;

--
-- 테이블의 덤프 데이터 `교통`
--

INSERT INTO `교통` (`교통아이디`, `출발시간`, `도착시간`, `출발장소`, `도착장소`, `교통수단`) VALUES
('B-SEL001', '06:40:00', '08:10:00', '조치원', '서울', '버스'),
('B-SEL002', '07:35:00', '09:05:00', '조치원', '서울', '버스'),
('B-SEL003', '08:00:00', '09:30:00', '조치원', '서울', '버스'),
('B-SEL004', '09:10:00', '10:40:00', '조치원', '서울', '버스'),
('B-SEL005', '10:10:00', '11:40:00', '조치원', '서울', '버스'),
('B-SEL006', '12:10:00', '13:40:00', '조치원', '서울', '버스'),
('B-SEL007', '13:10:00', '14:40:00', '조치원', '서울', '버스'),
('B-SEL008', '15:10:00', '16:40:00', '조치원', '서울', '버스'),
('B-SEL009', '16:10:00', '17:40:00', '조치원', '서울', '버스'),
('B-SEL010', '18:20:00', '19:50:00', '조치원', '서울', '버스'),
('B-SEL011', '19:30:00', '21:00:00', '조치원', '서울', '버스'),
('T-SEL001', '06:39:00', '08:11:00', '조치원', '서울', '기차'),
('T-SEL002', '09:46:00', '11:05:00', '조치원', '서울', '기차'),
('T-SEL003', '11:02:00', '12:34:00', '조치원', '서울', '기차'),
('T-SEL004', '12:38:00', '14:00:00', '조치원', '서울', '기차'),
('T-SEL005', '13:07:00', '14:29:00', '조치원', '서울', '기차'),
('T-SEL006', '13:59:00', '15:30:00', '조치원', '서울', '기차'),
('T-SEL007', '14:31:00', '15:59:00', '조치원', '서울', '기차'),
('T-SEL008', '19:39:00', '20:58:00', '조치원', '서울', '기차');

-- --------------------------------------------------------

--
-- 테이블 구조 `리뷰`
--

CREATE TABLE `리뷰` (
  `리뷰번호` int(11) NOT NULL,
  `리뷰아이디` varchar(10) DEFAULT NULL,
  `리뷰여행지명` varchar(20) DEFAULT NULL,
  `평점` int(11) NOT NULL,
  `작성일자` datetime DEFAULT current_timestamp()
) ENGINE=InnoDB DEFAULT CHARSET=euckr;

--
-- 테이블의 덤프 데이터 `리뷰`
--

INSERT INTO `리뷰` (`리뷰번호`, `리뷰아이디`, `리뷰여행지명`, `평점`, `작성일자`) VALUES
(3, 'rnrn123', '경주월드', 4, '2022-12-07 21:54:50'),
(4, 'rnrn123', '광안대교', 5, '2022-12-07 21:54:51'),
(5, 'rnrn123', '남이섬', 3, '2022-12-07 21:54:53'),
(6, 'rnrn123', '롯데월드', 4, '2022-12-07 21:54:56'),
(7, 'rnrn123', '비발디파크', 3, '2022-12-07 21:54:59'),
(8, 'rnrn123', '우도', 2, '2022-12-07 21:55:04'),
(9, 'rnrn123', '한옥마을', 3, '2022-12-07 21:55:15'),
(10, 'yuchem2', '경주월드', 3, '2022-12-07 21:58:22'),
(11, 'yuchem2', '광안대교', 5, '2022-12-07 21:58:24'),
(12, 'yuchem2', '남이섬', 5, '2022-12-07 21:58:26'),
(13, 'yuchem2', '롯데월드', 3, '2022-12-07 21:58:29'),
(14, 'yuchem2', '비발디파크', 5, '2022-12-07 21:58:31'),
(15, 'yuchem2', '우도', 1, '2022-12-07 21:58:35'),
(16, 'yuchem2', '한옥마을', 4, '2022-12-07 21:58:40'),
(17, 'wwd0203', '경주월드', 5, '2022-12-07 22:00:32'),
(18, 'wwd0203', '광안대교', 5, '2022-12-07 22:00:34'),
(19, 'wwd0203', '남이섬', 3, '2022-12-07 22:00:36'),
(20, 'wwd0203', '롯데월드', 4, '2022-12-07 22:00:39'),
(21, 'wwd0203', '비발디파크', 3, '2022-12-07 22:00:42'),
(22, 'wwd0203', '우도', 1, '2022-12-07 22:00:45'),
(23, 'wwd0203', '한옥마을', 2, '2022-12-07 22:00:49'),
(24, 'haha123', '경주월드', 4, '2022-12-07 22:01:36'),
(25, 'haha123', '광안대교', 5, '2022-12-07 22:01:37'),
(26, 'haha123', '남이섬', 2, '2022-12-07 22:01:42'),
(27, 'haha123', '롯데월드', 1, '2022-12-07 22:01:45'),
(28, 'haha123', '비발디파크', 5, '2022-12-07 22:01:49'),
(29, 'haha123', '우도', 4, '2022-12-07 22:01:53'),
(30, 'haha123', '한옥마을', 2, '2022-12-07 22:01:59'),
(31, 'wjddls0403', '경주월드', 3, '2022-12-07 22:04:50'),
(32, 'wjddls0403', '광안대교', 4, '2022-12-07 22:04:53'),
(33, 'wjddls0403', '남이섬', 2, '2022-12-07 22:04:55'),
(34, 'wjddls0403', '롯데월드', 5, '2022-12-07 22:04:57'),
(35, 'wjddls0403', '비발디파크', 5, '2022-12-07 22:04:59'),
(36, 'wjddls0403', '우도', 4, '2022-12-07 22:05:02'),
(37, 'wjddls0403', '한옥마을', 4, '2022-12-07 22:05:08'),
(38, 'gray77', '경주월드', 3, '2022-12-07 22:06:31'),
(39, 'gray77', '광안대교', 4, '2022-12-07 22:06:35'),
(40, 'gray77', '남이섬', 4, '2022-12-07 22:06:38'),
(41, 'gray77', '롯데월드', 2, '2022-12-07 22:06:41'),
(42, 'gray77', '비발디파크', 3, '2022-12-07 22:06:44'),
(43, 'gray77', '우도', 5, '2022-12-07 22:06:46'),
(44, 'gray77', '한옥마을', 4, '2022-12-07 22:06:53'),
(45, 'blue11', '경주월드', 2, '2022-12-07 22:07:39'),
(46, 'blue11', '광안대교', 3, '2022-12-07 22:07:42'),
(47, 'blue11', '남이섬', 5, '2022-12-07 22:07:45'),
(48, 'blue11', '롯데월드', 2, '2022-12-07 22:07:47'),
(49, 'blue11', '비발디파크', 5, '2022-12-07 22:07:49'),
(50, 'blue11', '우도', 1, '2022-12-07 22:07:54'),
(51, 'blue11', '한옥마을', 3, '2022-12-07 22:07:58'),
(52, 'berry88', '경주월드', 2, '2022-12-07 22:09:16'),
(53, 'berry88', '광안대교', 5, '2022-12-07 22:09:19'),
(54, 'berry88', '남이섬', 5, '2022-12-07 22:09:21'),
(55, 'berry88', '롯데월드', 2, '2022-12-07 22:09:23'),
(56, 'berry88', '비발디파크', 3, '2022-12-07 22:09:26'),
(57, 'berry88', '우도', 4, '2022-12-07 22:09:29'),
(58, 'berry88', '한옥마을', 5, '2022-12-07 22:09:35'),
(59, 'choco44', '경주월드', 5, '2022-12-07 22:10:43'),
(60, 'choco44', '광안대교', 4, '2022-12-07 22:10:45'),
(61, 'choco44', '남이섬', 4, '2022-12-07 22:10:48'),
(62, 'choco44', '롯데월드', 5, '2022-12-07 22:10:49'),
(63, 'choco44', '비발디파크', 4, '2022-12-07 22:10:51'),
(64, 'choco44', '우도', 3, '2022-12-07 22:10:57'),
(65, 'choco44', '한옥마을', 5, '2022-12-07 22:11:00'),
(66, 'dangdang33', '경주월드', 3, '2022-12-07 22:12:00'),
(67, 'dangdang33', '광안대교', 2, '2022-12-07 22:12:02'),
(68, 'dangdang33', '남이섬', 1, '2022-12-07 22:12:05'),
(69, 'dangdang33', '롯데월드', 2, '2022-12-07 22:12:07'),
(70, 'dangdang33', '비발디파크', 3, '2022-12-07 22:12:10'),
(71, 'dangdang33', '우도', 2, '2022-12-07 22:12:15'),
(72, 'dangdang33', '한옥마을', 1, '2022-12-07 22:12:20'),
(73, 'happy2', '경주월드', 5, '2022-12-07 22:12:54'),
(74, 'happy2', '광안대교', 4, '2022-12-07 22:12:58'),
(75, 'happy2', '남이섬', 4, '2022-12-07 22:13:01'),
(76, 'happy2', '롯데월드', 5, '2022-12-07 22:13:02'),
(77, 'happy2', '비발디파크', 5, '2022-12-07 22:13:04'),
(78, 'happy2', '우도', 5, '2022-12-07 22:13:07'),
(79, 'happy2', '한옥마을', 5, '2022-12-07 22:13:10'),
(80, 'diamond9', '경주월드', 5, '2022-12-07 22:14:15'),
(81, 'diamond9', '광안대교', 5, '2022-12-07 22:14:19'),
(82, 'diamond9', '남이섬', 4, '2022-12-07 22:14:21'),
(83, 'diamond9', '롯데월드', 5, '2022-12-07 22:14:22'),
(84, 'diamond9', '비발디파크', 4, '2022-12-07 22:14:25'),
(85, 'diamond9', '우도', 1, '2022-12-07 22:14:29'),
(86, 'diamond9', '한옥마을', 3, '2022-12-07 22:14:33'),
(87, 'o.o5', '경주월드', 5, '2022-12-07 22:16:05'),
(88, 'o.o5', '광안대교', 5, '2022-12-07 22:16:06'),
(89, 'o.o5', '남이섬', 5, '2022-12-07 22:16:07'),
(90, 'o.o5', '롯데월드', 5, '2022-12-07 22:16:09'),
(91, 'o.o5', '비발디파크', 5, '2022-12-07 22:16:10'),
(92, 'o.o5', '우도', 5, '2022-12-07 22:16:12'),
(93, 'o.o5', '한옥마을', 5, '2022-12-07 22:16:16'),
(94, 'seungwoo98', '경주월드', 2, '2022-12-07 22:17:12'),
(95, 'seungwoo98', '광안대교', 4, '2022-12-07 22:17:14'),
(96, 'seungwoo98', '남이섬', 5, '2022-12-07 22:17:17'),
(97, 'seungwoo98', '롯데월드', 2, '2022-12-07 22:17:20'),
(98, 'seungwoo98', '비발디파크', 3, '2022-12-07 22:17:25'),
(99, 'seungwoo98', '우도', 2, '2022-12-07 22:17:31'),
(100, 'seungwoo98', '한옥마을', 2, '2022-12-07 22:17:35'),
(101, '6_6', '경주월드', 3, '2022-12-07 22:18:24'),
(102, '6_6', '광안대교', 2, '2022-12-07 22:18:28'),
(103, '6_6', '남이섬', 5, '2022-12-07 22:18:30'),
(104, '6_6', '롯데월드', 1, '2022-12-07 22:18:33'),
(105, '6_6', '비발디파크', 2, '2022-12-07 22:18:36'),
(106, '6_6', '우도', 4, '2022-12-07 22:18:39'),
(107, '6_6', '한옥마을', 3, '2022-12-07 22:18:45');

-- --------------------------------------------------------

--
-- 테이블 구조 `여행지`
--

CREATE TABLE `여행지` (
  `여행지명` varchar(20) NOT NULL,
  `도` varchar(20) NOT NULL,
  `시` varchar(20) DEFAULT NULL,
  `실내외` varchar(4) DEFAULT NULL,
  `계절` varchar(3) DEFAULT NULL,
  `이미지` varchar(300) DEFAULT NULL
) ENGINE=InnoDB DEFAULT CHARSET=euckr;

--
-- 테이블의 덤프 데이터 `여행지`
--

INSERT INTO `여행지` (`여행지명`, `도`, `시`, `실내외`, `계절`, `이미지`) VALUES
('경주월드', '경상북도', '경주시 보문로 544', '실외', '봄', 'https://ldb-phinf.pstatic.net/20200626_265/15931351019270CAcs_JPEG/%BD%E6%B3%D7%C0%CF3.jpg'),
('광안대교', '부산', '수영구 민락동', '실외', '여름', 'https://ldb-phinf.pstatic.net/20150831_174/1441014269847w0LzK_PNG/116369544272348_0.png'),
('남이섬', '강원도', '춘천시 남산면 남이섬길 1', '실외', '가을', 'https://ldb-phinf.pstatic.net/20220827_254/1661566257224AXpIz_JPEG/2.jpg'),
('롯데월드', '서울', '송파구 올림픽로 240', '실내/외', 'ALL', 'https://ldb-phinf.pstatic.net/20210609_292/1623216519739APfji_JPEG/Magiccastle.jpg'),
('비발디파크', '강원도', '홍천군 서면 한치골길 262', '실외', '겨울', 'https://ldb-phinf.pstatic.net/20221110_59/1668036434001z936x_JPEG/%BA%F1%B9%DF%B5%F0%B5%BF%B0%E8%C0%FC%B0%E6.jpg'),
('우도', '제주', '제주시 우도면', '실외', 'ALL', 'https://ldb-phinf.pstatic.net/20150901_251/1441045702813UEBGn_JPEG/13491925_0.jpg'),
('한옥마을', '전라북도', '전주시 완산구 기린대로 99', '실외', '가을', 'https://ldb-phinf.pstatic.net/20200311_83/1583890204743KWn73_JPEG/TjSQ__2dxibJ9HfDdUbx-ash.jpg');

-- --------------------------------------------------------

--
-- 테이블 구조 `회원`
--

CREATE TABLE `회원` (
  `아이디` varchar(11) NOT NULL,
  `비밀번호` varchar(20) NOT NULL,
  `나이` int(11) DEFAULT NULL,
  `mbti` varchar(4) DEFAULT NULL,
  `성별` char(1) NOT NULL
) ENGINE=InnoDB DEFAULT CHARSET=euckr;

--
-- 테이블의 덤프 데이터 `회원`
--

INSERT INTO `회원` (`아이디`, `비밀번호`, `나이`, `mbti`, `성별`) VALUES
('6_6', '6666', 26, 'ISFJ', 'F'),
('berry88', '8888', 29, 'INTJ', 'F'),
('blue11', '1111', 26, 'ESFP', 'M'),
('choco44', '4444', 19, 'ESTP', 'F'),
('dangdang33', '3333', 23, 'INTP', 'F'),
('diamond9', '9999', 29, 'ENFP', 'F'),
('gray77', '7777', 21, 'ESFJ', 'M'),
('haha123', '0000', 24, 'ISTJ', 'M'),
('happy2', '2222', 22, 'INFJ', 'M'),
('o.o5', '5555', 25, 'ESFP', 'M'),
('rnrn123', '1234', 25, 'ENFP', 'F'),
('seungwoo98', '9898', 40, 'ISFJ', 'M'),
('test', 'test', 23, 'ISFJ', 'F'),
('wjddls0403', '0403', 20, 'ISFJ', 'F'),
('wwd0203', '0403', 23, 'ENTP', 'F'),
('yuchem2', '0920', 24, 'INFJ', 'M');

--
-- 덤프된 테이블의 인덱스
--

--
-- 테이블의 인덱스 `교통`
--
ALTER TABLE `교통`
  ADD PRIMARY KEY (`교통아이디`);

--
-- 테이블의 인덱스 `리뷰`
--
ALTER TABLE `리뷰`
  ADD PRIMARY KEY (`리뷰번호`),
  ADD KEY `리뷰아이디` (`리뷰아이디`),
  ADD KEY `리뷰여행지명` (`리뷰여행지명`);

--
-- 테이블의 인덱스 `여행지`
--
ALTER TABLE `여행지`
  ADD PRIMARY KEY (`여행지명`);

--
-- 테이블의 인덱스 `회원`
--
ALTER TABLE `회원`
  ADD PRIMARY KEY (`아이디`);

--
-- 덤프된 테이블의 AUTO_INCREMENT
--

--
-- 테이블의 AUTO_INCREMENT `리뷰`
--
ALTER TABLE `리뷰`
  MODIFY `리뷰번호` int(11) NOT NULL AUTO_INCREMENT, AUTO_INCREMENT=108;

--
-- 덤프된 테이블의 제약사항
--

--
-- 테이블의 제약사항 `리뷰`
--
ALTER TABLE `리뷰`
  ADD CONSTRAINT `리뷰_ibfk_1` FOREIGN KEY (`리뷰아이디`) REFERENCES `회원` (`아이디`),
  ADD CONSTRAINT `리뷰_ibfk_2` FOREIGN KEY (`리뷰여행지명`) REFERENCES `여행지` (`여행지명`);
COMMIT;

/*!40101 SET CHARACTER_SET_CLIENT=@OLD_CHARACTER_SET_CLIENT */;
/*!40101 SET CHARACTER_SET_RESULTS=@OLD_CHARACTER_SET_RESULTS */;
/*!40101 SET COLLATION_CONNECTION=@OLD_COLLATION_CONNECTION */;
